size_sqft,bedrooms,bathrooms,age_years,location,price
3305,4,3,25,Urban,786781
3698,3,1,38,Suburban,692319
646,5,3,3,Suburban,350544
2665,4,2,29,Urban,571286
3953,2,3,29,Suburban,837929
911,4,1,21,Rural,220300
2187,1,3,10,Suburban,496379
2910,4,2,1,Rural,594600
2032,5,2,11,Urban,549616
636,5,1,29,Urban,225786
3746,4,3,35,Urban,788551
3860,5,3,17,Suburban,843181
3505,2,3,25,Urban,787134
518,4,2,6,Urban,294468
2742,2,1,0,Rural,592790
2877,2,3,25,Rural,532494
2459,3,2,22,Suburban,516197
2722,4,2,25,Urban,691422
1501,5,2,5,Urban,460624
948,2,3,5,Urban,397826
2448,3,3,7,Suburban,580848
1445,4,3,23,Rural,342669
1877,4,3,21,Suburban,497471
2022,1,3,18,Urban,532117
640,1,3,36,Suburban,156876
3305,2,3,17,Urban,730753
2420,1,3,30,Urban,533922
3477,2,3,36,Suburban,695999
592,5,2,29,Suburban,245799
738,2,3,32,Urban,242967
704,1,1,9,Urban,277787
3107,5,2,36,Rural,663411
1956,1,3,11,Urban,511019
744,2,1,29,Urban,240770
1331,3,3,26,Urban,334013
3888,4,1,38,Urban,725918
3472,1,1,8,Urban,771611
794,2,1,20,Rural,180075
3187,5,1,11,Urban,745717
1355,1,2,28,Suburban,306206
3853,1,2,32,Suburban,736728
2564,4,1,14,Suburban,620353
570,2,3,1,Rural,212683
1792,3,1,38,Rural,310152
1848,5,2,17,Urban,544845
804,2,3,2,Suburban,283206
1530,5,2,6,Suburban,461196
1837,1,2,17,Rural,358838
1316,4,3,37,Suburban,304885
1626,4,1,36,Rural,325205
1320,3,1,32,Suburban,302985
692,4,1,30,Urban,263955
2276,1,1,10,Suburban,491621
1028,3,3,3,Rural,247449
2718,2,3,17,Rural,543757
750,4,3,3,Urban,371315
2288,3,2,33,Suburban,475419
3958,1,3,28,Urban,810048
3778,5,1,23,Urban,867131
3088,5,2,21,Suburban,666981
2526,1,1,1,Urban,560896
2963,1,1,5,Rural,591021
3341,5,3,24,Urban,761855
1903,3,3,20,Rural,388553
1667,5,1,15,Urban,472299
2572,1,1,30,Urban,557705
3215,4,2,13,Urban,755921
1596,2,3,38,Urban,391489
3179,4,2,27,Urban,769122
2347,4,2,31,Urban,544674
3664,1,2,27,Suburban,725370
1004,5,1,8,Urban,360444
2121,3,2,21,Suburban,458889
2883,4,2,31,Urban,633893
2972,5,1,4,Rural,645597
3046,3,3,22,Rural,629064
1887,4,3,4,Suburban,580132
3494,3,2,31,Urban,724939
3177,5,1,9,Urban,751861
1722,2,3,38,Rural,323066
1217,5,2,14,Urban,420934
3984,1,2,6,Urban,875027
838,3,1,28,Urban,304363
1158,2,2,2,Urban,310648
1461,3,3,18,Urban,351372
928,3,1,9,Suburban,274664
1398,4,3,27,Urban,437059
638,1,3,28,Suburban,132871
3489,3,3,14,Urban,707791
1041,5,2,34,Urban,344515
2604,5,2,5,Rural,608530
1755,4,3,11,Urban,475694
3205,1,3,37,Rural,549834
2982,1,1,12,Suburban,592668
883,5,1,28,Urban,307256
3107,2,2,18,Rural,595471
693,4,2,2,Urban,344562
3081,4,1,7,Rural,571441
3065,5,3,7,Urban,743494
3263,5,2,19,Rural,651058
3298,2,3,3,Urban,768450
2732,2,1,20,Suburban,555619
2395,1,2,2,Suburban,575035
2839,4,2,7,Rural,567740
3906,4,1,22,Rural,769445
1231,5,2,15,Rural,345830
2663,1,1,12,Rural,580039
3372,4,2,2,Urban,797507
3620,1,1,8,Urban,796334
1184,1,2,13,Urban,291504
581,5,3,12,Urban,237821
3381,1,3,6,Urban,793923
2880,2,3,14,Suburban,633233
3104,2,2,6,Urban,759075
2882,3,2,37,Suburban,540058
1031,5,3,33,Urban,353677
2483,3,3,21,Urban,655505
720,2,1,23,Suburban,214691
1134,3,1,36,Suburban,267417
2269,5,1,0,Suburban,583677
2870,5,3,9,Suburban,641974
2374,1,3,15,Urban,605487
502,4,3,7,Suburban,234534
2217,1,1,24,Urban,509194
705,5,2,11,Urban,277509
2355,2,3,24,Suburban,478516
539,2,2,16,Urban,280073
2606,1,2,25,Urban,561161
3498,5,2,13,Rural,785738
3121,2,1,35,Rural,561933
1143,5,2,22,Urban,320483
2030,2,3,5,Urban,569662
2407,5,1,4,Urban,620563
3390,3,3,24,Urban,776161
3693,5,3,17,Rural,777996
3166,5,1,12,Urban,708586
2643,1,3,13,Suburban,583169
3985,3,3,27,Urban,920687
3806,4,1,17,Rural,777370
1397,1,3,27,Urban,357234
1585,4,2,26,Suburban,422560
1779,2,3,31,Urban,439040
3108,4,2,8,Suburban,715726
3452,5,3,39,Urban,726111
2895,4,1,31,Urban,650615
1170,1,1,19,Rural,269163
3695,1,3,27,Rural,667518
2005,4,1,32,Rural,443635
2864,1,3,3,Suburban,640269
1218,1,1,33,Rural,185107
1571,4,2,2,Urban,517709
3980,3,3,25,Urban,850296
2455,3,2,7,Urban,642185
1659,2,2,5,Suburban,417367
3772,1,3,15,Urban,814665
749,4,2,23,Urban,302127
2861,1,3,38,Suburban,563707
2392,5,2,29,Rural,443194
3939,1,3,12,Urban,820383
2353,1,3,4,Urban,616422
3354,3,1,24,Urban,724756
2003,4,3,19,Urban,517328
3885,1,3,17,Urban,791043
3926,3,2,17,Suburban,786788
3032,2,3,1,Suburban,632606
1734,3,1,9,Suburban,431582
543,3,2,11,Urban,247287
3118,3,2,12,Rural,617242
1082,1,1,10,Urban,322716
3663,1,2,18,Suburban,750259
1788,2,2,34,Rural,399636
3442,5,2,38,Urban,704203
719,5,2,25,Urban,326701
2425,5,1,13,Rural,568193
3472,2,1,23,Urban,714087
2948,5,2,0,Suburban,721737
3971,5,2,21,Urban,873551
3274,3,1,22,Suburban,684891
1490,1,1,18,Urban,423474
3446,1,1,17,Urban,750948
2312,3,2,11,Suburban,558918
1357,3,2,27,Urban,358851
1303,3,3,27,Urban,327518
989,1,1,32,Urban,246766
2280,5,2,18,Urban,626598
1993,3,1,27,Urban,430425
3485,2,2,36,Urban,685647
3391,3,1,25,Rural,656668
2205,4,2,34,Urban,492360
3840,3,3,33,Suburban,749924
2814,1,3,34,Urban,583812
553,3,1,39,Urban,146071
3075,4,2,15,Rural,616776
1115,2,2,37,Urban,309303
1582,5,1,12,Rural,350539
2348,3,2,22,Urban,514704
3611,4,1,21,Suburban,738579
3808,4,2,15,Suburban,839899
1454,2,1,27,Rural,278312
2933,1,2,34,Suburban,554003
2129,3,1,7,Suburban,512051
3281,4,2,21,Urban,695709
3263,2,3,20,Urban,742181
1149,5,2,25,Rural,300823
2847,4,1,39,Urban,602681
894,2,3,20,Urban,331098
3778,1,2,24,Suburban,711215
1859,1,3,0,Urban,543457
3140,4,2,5,Rural,687335
3061,4,3,22,Suburban,665883
3749,3,1,22,Suburban,764224
2943,2,2,22,Rural,571522
870,4,2,31,Urban,325708
1357,3,1,29,Urban,324460
1290,3,3,12,Suburban,344324
1157,4,1,17,Urban,396849
3889,1,1,22,Suburban,742154
3283,2,3,14,Rural,692956
1892,2,1,32,Suburban,441543
883,1,2,20,Urban,261886
2609,4,2,38,Rural,525061
3052,2,2,22,Suburban,599749
738,4,1,26,Suburban,250482
694,4,2,17,Urban,298403
3225,3,2,23,Rural,652191
3793,1,2,39,Suburban,690873
2608,4,2,6,Suburban,574607
1652,5,2,19,Rural,409958
3537,1,2,26,Urban,674758
3232,2,1,5,Suburban,689739
2515,3,2,26,Rural,530935
655,2,2,8,Urban,283657
3949,2,3,30,Suburban,844270
1422,1,1,20,Rural,311713
3415,2,1,25,Suburban,662583
3450,4,1,39,Suburban,684319
2109,2,1,12,Rural,438199
3546,3,2,22,Rural,650815
1474,3,2,19,Urban,384608
1730,5,3,36,Urban,439577
2935,3,3,27,Suburban,564713
2314,2,1,16,Suburban,507945
3434,3,3,27,Suburban,708148
1337,1,3,1,Suburban,322973
2507,3,1,24,Urban,588386
1863,4,1,5,Suburban,504316
2887,1,3,10,Urban,676471
703,5,2,37,Suburban,209318
660,4,3,5,Suburban,304043
891,2,3,10,Urban,345787
1268,2,2,13,Urban,384962
3122,2,2,1,Suburban,674722
3081,4,1,39,Suburban,625378
1593,4,1,2,Urban,517604
3440,4,3,34,Rural,656301
904,1,2,32,Suburban,270658
1107,1,1,23,Rural,200991
2114,2,3,18,Suburban,486492
2040,3,2,17,Suburban,459525
3375,2,3,23,Rural,666698
3691,5,1,34,Suburban,702113
2337,1,1,0,Suburban,519279
1189,4,2,35,Urban,303756
3449,1,3,24,Suburban,699880
1740,4,2,33,Urban,470533
2603,5,1,24,Urban,642920
865,5,1,15,Urban,262050
2222,1,3,33,Urban,553722
954,4,3,28,Rural,250578
603,5,3,18,Urban,275245
576,2,2,22,Suburban,193394
729,2,3,18,Rural,201506
2437,4,3,24,Suburban,538655
3829,1,1,15,Urban,812658
3835,5,1,8,Suburban,827076
2878,1,3,0,Suburban,640909
1705,2,3,18,Suburban,391312
1392,5,1,32,Suburban,302580
2073,1,3,33,Rural,390015
3235,3,2,15,Suburban,717359
2574,4,2,39,Urban,591267
3847,4,2,17,Suburban,844558
2175,3,3,33,Urban,523730
798,2,1,24,Rural,157658
1456,5,3,5,Urban,509770
3346,4,3,20,Urban,731554
1614,3,1,5,Rural,356000
3027,3,1,31,Suburban,583434
3120,2,1,38,Urban,669002
3005,2,2,30,Suburban,634184
1974,1,3,9,Rural,442439
864,4,1,29,Urban,315178
3406,1,3,17,Rural,639202
2198,3,2,23,Urban,543598
850,5,2,8,Suburban,314245
3971,5,1,30,Rural,800186
2800,2,1,14,Urban,635543
3328,5,3,3,Suburban,774992
2404,5,1,39,Urban,566447
3350,5,3,8,Suburban,804285
1511,3,1,8,Suburban,376930
3006,5,3,25,Suburban,671748
3464,5,3,3,Urban,819267
998,5,3,16,Urban,299698
1449,1,3,15,Urban,404334
2494,3,2,14,Urban,627187
2546,2,3,34,Suburban,531142
1007,1,1,4,Rural,187773
1827,4,2,4,Suburban,478335
3048,3,2,19,Suburban,589590
3350,3,3,14,Rural,734091
3145,4,2,17,Suburban,661018
665,4,3,1,Rural,294862
3986,4,1,28,Suburban,835856
3009,2,3,12,Urban,674602
1419,5,2,3,Urban,438936
613,3,1,9,Suburban,243351
1491,5,3,30,Urban,403050
3927,5,1,7,Urban,907435
2451,4,1,2,Suburban,581695
2754,2,2,8,Suburban,562285
1758,1,1,29,Suburban,292026
3926,2,2,10,Urban,868481
1014,5,1,34,Urban,295673
1731,2,3,36,Suburban,354987
1208,4,1,12,Rural,328316
3696,1,3,35,Suburban,747983
2685,4,3,12,Rural,585124
838,1,1,11,Suburban,228122
3084,5,3,36,Suburban,675124
567,1,1,9,Urban,193852
2096,1,1,8,Suburban,478975
2064,1,3,6,Suburban,508077
882,2,3,1,Suburban,326667
518,2,2,22,Suburban,120137
3230,5,3,38,Suburban,658559
2621,1,2,39,Urban,512932
1072,3,3,38,Suburban,265957
3486,5,1,20,Urban,806902
1799,1,3,22,Rural,408721
3619,1,1,28,Urban,721571
2758,2,1,13,Urban,619013
3402,5,1,25,Suburban,759350
2443,1,2,4,Suburban,563637
1150,1,3,30,Suburban,305030
2145,5,1,24,Urban,549762
1493,3,1,30,Suburban,304027
3242,5,2,19,Urban,721066
3087,5,3,16,Rural,624115
3762,3,3,1,Rural,819522
1838,5,2,24,Suburban,491498
1400,1,2,12,Urban,442481
2184,5,3,38,Suburban,518413
3327,3,2,27,Urban,761245
2085,4,3,5,Suburban,525400
2423,5,3,2,Urban,631448
2281,2,1,34,Rural,441082
1636,1,1,17,Urban,419510
2717,1,3,10,Suburban,602283
2444,2,3,19,Suburban,554041
1537,2,3,4,Suburban,426356
2238,5,3,18,Urban,631355
787,2,3,21,Rural,238010
2736,4,3,18,Suburban,643807
3461,3,2,15,Suburban,765854
3726,2,3,23,Urban,818602
2090,2,2,3,Suburban,494865
3241,4,2,14,Suburban,741077
2245,1,3,24,Urban,477265
3435,1,3,34,Urban,739917
3018,5,2,13,Rural,619904
1598,4,2,18,Urban,461214
2824,3,3,37,Urban,595465
1439,3,3,35,Suburban,353122
3914,4,2,6,Suburban,858502
1948,3,2,29,Urban,425297
1070,1,2,18,Suburban,285221
3404,3,1,24,Urban,720382
1500,3,2,15,Urban,453934
1705,4,1,39,Urban,409440
3005,4,3,7,Rural,675263
1417,3,3,17,Urban,388833
2374,2,2,27,Urban,522140
1332,4,3,15,Suburban,368501
3635,5,3,18,Rural,790001
3386,5,3,16,Urban,854801
3831,1,3,12,Suburban,770425
2740,3,1,6,Urban,695505
2178,2,1,26,Suburban,391950
1115,1,2,9,Suburban,267374
905,3,2,33,Suburban,206637
2249,4,2,35,Urban,486745
3490,5,3,24,Urban,755692
3268,2,3,5,Urban,778130
592,5,1,23,Urban,257638
2977,4,1,17,Urban,704742
1153,3,2,22,Suburban,328254
3975,4,1,5,Rural,830969
933,4,1,28,Rural,237673
1635,5,1,24,Rural,367214
874,2,1,16,Suburban,211710
3630,4,1,23,Suburban,787634
1566,5,2,10,Urban,464207
706,2,2,25,Suburban,176512
1279,3,1,33,Suburban,287382
1819,3,2,27,Suburban,387536
1641,1,3,2,Suburban,412857
1031,5,1,10,Urban,385902
3793,2,3,37,Urban,790690
2713,4,2,13,Rural,558905
3190,3,2,25,Urban,692069
3727,2,3,20,Suburban,803090
3755,5,2,38,Rural,740792
589,1,1,29,Suburban,210772
1617,3,3,7,Suburban,473964
512,2,1,19,Urban,248989
3520,2,3,31,Urban,704464
2357,2,2,21,Rural,494676
1304,5,3,6,Suburban,413127
1444,5,3,8,Suburban,418391
3289,5,1,0,Urban,812060
2357,4,2,28,Urban,592616
2110,2,1,7,Rural,467325
3423,3,2,3,Urban,777286
2459,5,1,34,Suburban,554894
3721,5,3,2,Urban,880652
3207,2,1,39,Suburban,616260
3579,5,2,6,Rural,765119
1552,4,2,26,Suburban,377794
795,4,3,0,Urban,386087
3533,5,2,26,Suburban,724734
1425,2,1,15,Suburban,407356
1139,2,3,37,Suburban,207887
2887,2,2,6,Rural,586730
1127,1,2,22,Suburban,283966
2986,5,1,10,Rural,665009
1667,2,1,32,Suburban,347046
1441,4,3,35,Urban,390158
1329,3,2,36,Urban,356537
2270,3,1,16,Urban,546668
3066,2,3,34,Rural,618675
1475,3,2,4,Suburban,435680
3616,3,2,31,Suburban,754565
1454,1,3,2,Urban,402735
1762,4,3,34,Urban,449778
1451,4,1,13,Suburban,379666
1443,1,2,30,Suburban,279572
2702,1,2,30,Urban,587165
1704,3,2,16,Suburban,405591
3786,5,3,23,Urban,878642
2635,3,1,22,Urban,572194
3827,1,2,17,Suburban,822931
2034,4,3,13,Urban,526730
1596,3,2,14,Rural,373859
3478,5,1,14,Urban,829796
678,3,2,5,Urban,287421
2759,2,1,26,Urban,627194
2328,3,1,14,Suburban,492164
1757,1,2,35,Suburban,397324
964,4,2,7,Suburban,326444
2274,4,1,14,Urban,556428
3794,1,3,2,Urban,843945
3178,2,1,12,Suburban,696308
3372,1,2,33,Rural,591926
3835,3,2,23,Rural,725319
1730,1,3,39,Urban,382254
3154,1,1,31,Suburban,569911
1384,2,1,31,Rural,316236
2913,3,1,29,Urban,619848
2823,5,2,12,Rural,648089
2927,5,1,0,Urban,748144
1832,4,3,33,Rural,357724
2154,1,2,14,Suburban,477541
3839,4,2,13,Rural,812040
1444,2,1,28,Suburban,314272
3635,5,3,33,Urban,842593
3357,1,2,17,Rural,677405
3921,2,2,6,Urban,898347
1424,2,1,28,Urban,342530
2438,1,1,30,Suburban,446445
993,2,3,24,Suburban,250332
2046,1,1,37,Rural,356667
3669,1,3,13,Urban,819294
2469,3,2,7,Suburban,516773
1594,4,3,26,Suburban,401677
2911,2,3,1,Urban,716223
3117,2,3,16,Urban,702734
2325,3,2,36,Urban,562238
1262,3,1,13,Urban,392313
2823,3,2,24,Rural,602446
549,5,1,29,Suburban,194841
3929,5,3,28,Suburban,860344
3275,5,3,19,Rural,746052
1405,1,3,20,Urban,417251
3475,2,3,21,Rural,650236
1063,4,3,34,Suburban,278730
1282,1,1,36,Rural,205405
3032,2,1,15,Urban,692938
3655,2,3,16,Rural,748491
2540,3,2,15,Urban,589533
